cod_ibge,municipios,cod_ra,reg_administrativa,reg_metropolitanas,cod_ibge6,pop2020,porte_pop2020,cod_drs,drs
3500000,Estado sem especificação,Estado sem especificação,Estado sem especificação,Estado sem especificação,350000,Estado sem especificação,Estado sem especificação,Estado sem especificação,Estado sem especificação
3500105,Adamantina,691,RA de Presidente Prudente,Demais municípios,350010,33894,Mais de 20 mil até 50 mil,5,Marília
3500204,Adolfo,689,RA de São José do Rio Preto,RM São José do Rio Preto,350020,3447,Até 5 mil,15,São José do Rio Preto
3500303,Aguaí,686,RA de Campinas,Demais municípios,350030,35608,Mais de 20 mil até 50 mil,14,São João da Boa Vista
3500402,Águas da Prata,686,RA de Campinas,Demais municípios,350040,7797,Mais de 5 mil até 10 mil,14,São João da Boa Vista
3500501,Águas de Lindóia,686,RA de Campinas,Demais municípios,350050,18374,Mais de 10 mil até 20 mil,3,Campinas
3500550,Águas de Santa Bárbara,685,RA de Sorocaba,Demais municípios,350055,5931,Mais de 5 mil até 10 mil,12,Bauru
3500600,Águas de São Pedro,686,RA de Campinas,RM de Piracicaba,350060,3122,Até 5 mil,11,Piracicaba
3500709,Agudos,688,RA de Bauru,Demais municípios,350070,36134,Mais de 20 mil até 50 mil,12,Bauru
3500758,Alambari,685,RA de Sorocaba,RM de Sorocaba,350075,5779,Mais de 5 mil até 10 mil,6,Sorocaba
3500808,Alfredo Marcondes,691,RA de Presidente Prudente,Demais municípios,350080,3927,Até 5 mil,2,Presidente Prudente
3500907,Altair,694,RA de Barretos,Demais municípios,350090,4036,Até 5 mil,16,Barretos
3501004,Altinópolis,687,RA de Ribeirão Preto,RM de Ribeirao Preto,350100,15553,Mais de 10 mil até 20 mil,1,Ribeirão Preto
3501103,Alto Alegre,690,RA de Araçatuba,Demais municípios,350110,4017,Até 5 mil,7,Araçatuba
3501152,Alumínio,685,RA de Sorocaba,RM de Sorocaba,350115,17972,Mais de 10 mil até 20 mil,6,Sorocaba
3501202,Álvares Florence,689,RA de São José do Rio Preto,Demais municípios,350120,3621,Até 5 mil,15,São José do Rio Preto
3501301,Álvares Machado,691,RA de Presidente Prudente,Demais municípios,350130,23789,Mais de 20 mil até 50 mil,2,Presidente Prudente
3501400,Álvaro de Carvalho,692,RA de Marília,Demais municípios,350140,5044,Mais de 5 mil até 10 mil,5,Marília
3501509,Alvinlândia,692,RA de Marília,Demais municípios,350150,3176,Até 5 mil,5,Marília
3501608,Americana,686,RA de Campinas,RM de Campinas,350160,233458,Mais de 200 mil até 500 mil,3,Campinas
3501707,Américo Brasiliense,693,RA Central,Demais municípios,350170,40243,Mais de 20 mil até 50 mil,8,Araraquara
3501806,Américo de Campos,689,RA de São José do Rio Preto,Demais municípios,350180,5736,Mais de 5 mil até 10 mil,15,São José do Rio Preto
3501905,Amparo,686,RA de Campinas,Demais municípios,350190,69639,Mais de 50 mil até 100 mil,3,Campinas
3502002,Analândia,686,RA de Campinas,RM de Piracicaba,350200,4850,Até 5 mil,11,Piracicaba
3502101,Andradina,690,RA de Araçatuba,Demais municípios,350210,56054,Mais de 50 mil até 100 mil,7,Araçatuba
3502200,Angatuba,696,RA de Itapeva,Demais municípios,350220,24501,Mais de 20 mil até 50 mil,6,Sorocaba
3502309,Anhembi,685,RA de Sorocaba,Demais municípios,350230,6672,Mais de 5 mil até 10 mil,12,Bauru
3502408,Anhumas,691,RA de Presidente Prudente,Demais municípios,350240,3963,Até 5 mil,2,Presidente Prudente
3502507,Aparecida,684,RA de São José dos Campos,RM do Vale do Paraiba e Litoral Norte,350250,35709,Mais de 20 mil até 50 mil,17,Taubaté
3502606,Aparecida d'Oeste,689,RA de São José do Rio Preto,Demais municípios,350260,4132,Até 5 mil,15,São José do Rio Preto
3502705,Apiaí,696,RA de Itapeva,Demais municípios,350270,24666,Mais de 20 mil até 50 mil,6,Sorocaba
3502754,Araçariguama,685,RA de Sorocaba,RM de Sorocaba,350275,20980,Mais de 20 mil até 50 mil,6,Sorocaba
3502804,Araçatuba,690,RA de Araçatuba,Demais municípios,350280,190469,Mais de 100 mil até 200 mil,7,Araçatuba
3502903,Araçoiaba da Serra,685,RA de Sorocaba,RM de Sorocaba,350290,32390,Mais de 20 mil até 50 mil,6,Sorocaba
3503000,Aramina,695,RA de Franca,Demais municípios,350300,5496,Mais de 5 mil até 10 mil,4,Franca
3503109,Arandu,696,RA de Itapeva,Demais municípios,350310,6165,Mais de 5 mil até 10 mil,12,Bauru
3503158,Arapeí,684,RA de São José dos Campos,RM do Vale do Paraiba e Litoral Norte,350315,2471,Até 5 mil,17,Taubaté
3503208,Araraquara,693,RA Central,Demais municípios,350320,227618,Mais de 200 mil até 500 mil,8,Araraquara
3503307,Araras,686,RA de Campinas,RM de Piracicaba,350330,131057,Mais de 100 mil até 200 mil,11,Piracicaba
3503356,Arco Íris,692,RA de Marília,Demais municípios,350335,1816,Até 5 mil,5,Marília
3503406,Arealva,688,RA de Bauru,Demais municípios,350340,8196,Mais de 5 mil até 10 mil,12,Bauru
3503505,Areias,684,RA de São José dos Campos,RM do Vale do Paraiba e Litoral Norte,350350,3843,Até 5 mil,17,Taubaté
3503604,Areiópolis,685,RA de Sorocaba,Demais municípios,350360,10857,Mais de 10 mil até 20 mil,12,Bauru
3503703,Ariranha,689,RA de São José do Rio Preto,Demais municípios,350370,9320,Mais de 5 mil até 10 mil,15,São José do Rio Preto
3503802,Artur Nogueira,686,RA de Campinas,RM de Campinas,350380,52609,Mais de 50 mil até 100 mil,3,Campinas
3503901,Arujá,681,RM  de São Paulo,RM de Sao Paulo,350390,89744,Mais de 50 mil até 100 mil,10,Grande São Paulo
3503950,Aspásia,689,RA de São José do Rio Preto,Demais municípios,350395,1765,Até 5 mil,15,São José do Rio Preto
3504008,Assis,692,RA de Marília,Demais municípios,350400,101381,Mais de 100 mil até 200 mil,5,Marília
3504107,Atibaia,686,RA de Campinas,Demais municípios,350410,139606,Mais de 100 mil até 200 mil,3,Campinas
3504206,Auriflama,690,RA de Araçatuba,Demais municípios,350420,14471,Mais de 10 mil até 20 mil,7,Araçatuba
3504305,Avaí,688,RA de Bauru,Demais municípios,350430,5288,Mais de 5 mil até 10 mil,12,Bauru
3504404,Avanhandava,690,RA de Araçatuba,Demais municípios,350440,12114,Mais de 10 mil até 20 mil,7,Araçatuba
3504503,Avaré,685,RA de Sorocaba,Demais municípios,350450,87538,Mais de 50 mil até 100 mil,12,Bauru
3504602,Bady Bassitt,689,RA de São José do Rio Preto,RM São José do Rio Preto,350460,16329,Mais de 10 mil até 20 mil,15,São José do Rio Preto
3504701,Balbinos,688,RA de Bauru,Demais municípios,350470,3704,Até 5 mil,12,Bauru
3504800,Bálsamo,689,RA de São José do Rio Preto,RM São José do Rio Preto,350480,8524,Mais de 5 mil até 10 mil,15,São José do Rio Preto
3504909,Bananal,684,RA de São José dos Campos,RM do Vale do Paraiba e Litoral Norte,350490,10651,Mais de 10 mil até 20 mil,17,Taubaté
3505005,Barão de Antonina,696,RA de Itapeva,Demais municípios,350500,3383,Até 5 mil,12,Bauru
3505104,Barbosa,690,RA de Araçatuba,Demais municípios,350510,7284,Mais de 5 mil até 10 mil,7,Araçatuba
3505203,Bariri,688,RA de Bauru,Demais municípios,350520,33993,Mais de 20 mil até 50 mil,12,Bauru
3505302,Barra Bonita,688,RA de Bauru,Demais municípios,350530,34914,Mais de 20 mil até 50 mil,12,Bauru
3505351,Barra do Chapéu,696,RA de Itapeva,Demais municípios,350535,5530,Mais de 5 mil até 10 mil,6,Sorocaba
3505401,Barra do Turvo,682,RA de Registro,Demais municípios,350540,7687,Mais de 5 mil até 10 mil,9,Registro
3505500,Barretos,694,RA de Barretos,Demais municípios,350550,118048,Mais de 100 mil até 200 mil,16,Barretos
3505609,Barrinha,687,RA de Ribeirão Preto,RM de Ribeirao Preto,350560,32338,Mais de 20 mil até 50 mil,1,Ribeirão Preto
3505708,Barueri,681,RM  de São Paulo,RM de Sao Paulo,350570,264390,Mais de 200 mil até 500 mil,10,Grande São Paulo
3505807,Bastos,692,RA de Marília,Demais municípios,350580,20301,Mais de 20 mil até 50 mil,5,Marília
3505906,Batatais,695,RA de Franca,RM de Ribeirao Preto,350590,60222,Mais de 50 mil até 100 mil,1,Ribeirão Preto
3506003,Bauru,688,RA de Bauru,Demais municípios,350600,364225,Mais de 200 mil até 500 mil,12,Bauru
3506102,Bebedouro,694,RA de Barretos,Demais municípios,350610,74155,Mais de 50 mil até 100 mil,16,Barretos
3506201,Bento de Abreu,690,RA de Araçatuba,Demais municípios,350620,2945,Até 5 mil,7,Araçatuba
3506300,Bernardino de Campos,692,RA de Marília,Demais municípios,350630,10787,Mais de 10 mil até 20 mil,5,Marília
3506359,Bertioga,683,RA de Santos,RM da Baixada Santista,350635,63290,Mais de 50 mil até 100 mil,13,Baixada Santista
3506409,Bilac,690,RA de Araçatuba,Demais municípios,350640,7816,Mais de 5 mil até 10 mil,7,Araçatuba
3506508,Birigui,690,RA de Araçatuba,Demais municípios,350650,121329,Mais de 100 mil até 200 mil,7,Araçatuba
3506607,Biritiba Mirim,681,RM  de São Paulo,RM de Sao Paulo,350660,32338,Mais de 20 mil até 50 mil,10,Grande São Paulo
3506706,Boa Esperança do Sul,693,RA Central,Demais municípios,350670,14582,Mais de 10 mil até 20 mil,8,Araraquara
3506805,Bocaina,688,RA de Bauru,Demais municípios,350680,12135,Mais de 10 mil até 20 mil,12,Bauru
3506904,Bofete,685,RA de Sorocaba,Demais municípios,350690,11076,Mais de 10 mil até 20 mil,12,Bauru
3507001,Boituva,685,RA de Sorocaba,RM de Sorocaba,350700,57292,Mais de 50 mil até 100 mil,6,Sorocaba
3507100,Bom Jesus dos Perdões,686,RA de Campinas,Demais municípios,350710,24291,Mais de 20 mil até 50 mil,3,Campinas
3507159,Bom Sucesso de Itararé,696,RA de Itapeva,Demais municípios,350715,3861,Até 5 mil,6,Sorocaba
3507209,Borá,692,RA de Marília,Demais municípios,350720,812,Até 5 mil,5,Marília
3507308,Boracéia,688,RA de Bauru,Demais municípios,350730,4759,Até 5 mil,12,Bauru
3507407,Borborema,693,RA Central,Demais municípios,350740,15323,Mais de 10 mil até 20 mil,8,Araraquara
3507456,Borebi,688,RA de Bauru,Demais municípios,350745,2579,Até 5 mil,12,Bauru
3507506,Botucatu,685,RA de Sorocaba,Demais municípios,350750,141135,Mais de 100 mil até 200 mil,12,Bauru
3507605,Bragança Paulista,686,RA de Campinas,Demais municípios,350760,163980,Mais de 100 mil até 200 mil,3,Campinas
3507704,Braúna,690,RA de Araçatuba,Demais municípios,350770,5552,Mais de 5 mil até 10 mil,7,Araçatuba
3507753,Brejo Alegre,690,RA de Araçatuba,Demais municípios,350775,2768,Até 5 mil,7,Araçatuba
3507803,Brodowski,687,RA de Ribeirão Preto,RM de Ribeirao Preto,350780,23943,Mais de 20 mil até 50 mil,1,Ribeirão Preto
3507902,Brotas,686,RA de Campinas,Demais municípios,350790,23850,Mais de 20 mil até 50 mil,12,Bauru
3508009,Buri,696,RA de Itapeva,Demais municípios,350800,19678,Mais de 10 mil até 20 mil,6,Sorocaba
3508108,Buritama,690,RA de Araçatuba,Demais municípios,350810,16596,Mais de 10 mil até 20 mil,7,Araçatuba
3508207,Buritizal,695,RA de Franca,Demais municípios,350820,4307,Até 5 mil,4,Franca
3508306,Cabrália Paulista,688,RA de Bauru,Demais municípios,350830,4308,Até 5 mil,12,Bauru
3508405,Cabreúva,686,RA de Campinas,RM de Jundiai,350840,49430,Mais de 20 mil até 50 mil,3,Campinas
3508504,Caçapava,684,RA de São José dos Campos,RM do Vale do Paraiba e Litoral Norte,350850,91217,Mais de 50 mil até 100 mil,17,Taubaté
3508603,Cachoeira Paulista,684,RA de São José dos Campos,RM do Vale do Paraiba e Litoral Norte,350860,32231,Mais de 20 mil até 50 mil,17,Taubaté
3508702,Caconde,686,RA de Campinas,Demais municípios,350870,18854,Mais de 10 mil até 20 mil,14,São João da Boa Vista
3508801,Cafelândia,688,RA de Bauru,Demais municípios,350880,17244,Mais de 10 mil até 20 mil,12,Bauru
3508900,Caiabu,691,RA de Presidente Prudente,Demais municípios,350890,4103,Até 5 mil,2,Presidente Prudente
3509007,Caieiras,681,RM  de São Paulo,RM de Sao Paulo,350900,100612,Mais de 100 mil até 200 mil,10,Grande São Paulo
3509106,Caiuá,691,RA de Presidente Prudente,Demais municípios,350910,5600,Mais de 5 mil até 10 mil,2,Presidente Prudente
3509205,Cajamar,681,RM  de São Paulo,RM de Sao Paulo,350920,77627,Mais de 50 mil até 100 mil,10,Grande São Paulo
3509254,Cajati,682,RA de Registro,Demais municípios,350925,28992,Mais de 20 mil até 50 mil,9,Registro
3509304,Cajobi,694,RA de Barretos,Demais municípios,350930,10105,Mais de 10 mil até 20 mil,16,Barretos
3509403,Cajuru,687,RA de Ribeirão Preto,RM de Ribeirao Preto,350940,25663,Mais de 20 mil até 50 mil,1,Ribeirão Preto
3509452,Campina do Monte Alegre,696,RA de Itapeva,Demais municípios,350945,5812,Mais de 5 mil até 10 mil,6,Sorocaba
3509502,Campinas,686,RA de Campinas,RM de Campinas,350950,1175501,Mais de 1 milhão,3,Campinas
3509601,Campo Limpo Paulista,686,RA de Campinas,RM de Jundiai,350960,82842,Mais de 50 mil até 100 mil,3,Campinas
3509700,Campos do Jordão,684,RA de São José dos Campos,RM do Vale do Paraiba e Litoral Norte,350970,50118,Mais de 50 mil até 100 mil,17,Taubaté
3509809,Campos Novos Paulista,692,RA de Marília,Demais municípios,350980,4817,Até 5 mil,5,Marília
3509908,Cananéia,682,RA de Registro,Demais municípios,350990,12341,Mais de 10 mil até 20 mil,9,Registro
3509957,Canas,684,RA de São José dos Campos,RM do Vale do Paraiba e Litoral Norte,350995,5064,Mais de 5 mil até 10 mil,17,Taubaté
3510005,Cândido Mota,692,RA de Marília,Demais municípios,351000,30019,Mais de 20 mil até 50 mil,5,Marília
3510104,Cândido Rodrigues,693,RA Central,Demais municípios,351010,2674,Até 5 mil,8,Araraquara
3510153,Canitar,692,RA de Marília,Demais municípios,351015,4991,Até 5 mil,5,Marília
3510203,Capão Bonito,696,RA de Itapeva,Demais municípios,351020,46418,Mais de 20 mil até 50 mil,6,Sorocaba
3510302,Capela do Alto,685,RA de Sorocaba,RM de Sorocaba,351030,20542,Mais de 20 mil até 50 mil,6,Sorocaba
3510401,Capivari,686,RA de Campinas,RM de Piracicaba,351040,54231,Mais de 50 mil até 100 mil,11,Piracicaba
3510500,Caraguatatuba,684,RA de São José dos Campos,RM do Vale do Paraiba e Litoral Norte,351050,116106,Mais de 100 mil até 200 mil,17,Taubaté
3510609,Carapicuíba,681,RM  de São Paulo,RM de Sao Paulo,351060,394598,Mais de 200 mil até 500 mil,10,Grande São Paulo
3510708,Cardoso,689,RA de São José do Rio Preto,Demais municípios,351070,11721,Mais de 10 mil até 20 mil,15,São José do Rio Preto
3510807,Casa Branca,686,RA de Campinas,Demais municípios,351080,29462,Mais de 20 mil até 50 mil,14,São João da Boa Vista
3510906,Cássia dos Coqueiros,687,RA de Ribeirão Preto,RM de Ribeirao Preto,351090,2495,Até 5 mil,1,Ribeirão Preto
3511003,Castilho,690,RA de Araçatuba,Demais municípios,351100,20728,Mais de 20 mil até 50 mil,7,Araçatuba
3511102,Catanduva,689,RA de São José do Rio Preto,Demais municípios,351110,117206,Mais de 100 mil até 200 mil,15,São José do Rio Preto
3511201,Catiguá,689,RA de São José do Rio Preto,Demais municípios,351120,7529,Mais de 5 mil até 10 mil,15,São José do Rio Preto
3511300,Cedral,689,RA de São José do Rio Preto,RM São José do Rio Preto,351130,8836,Mais de 5 mil até 10 mil,15,São José do Rio Preto
3511409,Cerqueira César,685,RA de Sorocaba,Demais municípios,351140,19213,Mais de 10 mil até 20 mil,12,Bauru
3511508,Cerquilho,685,RA de Sorocaba,RM de Sorocaba,351150,46411,Mais de 20 mil até 50 mil,6,Sorocaba
3511607,Cesário Lange,685,RA de Sorocaba,RM de Sorocaba,351160,17248,Mais de 10 mil até 20 mil,6,Sorocaba
3511706,Charqueada,686,RA de Campinas,RM de Piracicaba,351170,16933,Mais de 10 mil até 20 mil,11,Piracicaba
3511904,Clementina,690,RA de Araçatuba,Demais municípios,351190,8324,Mais de 5 mil até 10 mil,7,Araçatuba
3512001,Colina,694,RA de Barretos,Demais municípios,351200,17603,Mais de 10 mil até 20 mil,16,Barretos
3512100,Colômbia,694,RA de Barretos,Demais municípios,351210,6046,Mais de 5 mil até 10 mil,16,Barretos
3512209,Conchal,686,RA de Campinas,RM de Piracicaba,351220,27284,Mais de 20 mil até 50 mil,11,Piracicaba
3512308,Conchas,685,RA de Sorocaba,Demais municípios,351230,17134,Mais de 10 mil até 20 mil,12,Bauru
3512407,Cordeirópolis,686,RA de Campinas,RM de Piracicaba,351240,24356,Mais de 20 mil até 50 mil,11,Piracicaba
3512506,Coroados,690,RA de Araçatuba,Demais municípios,351250,5926,Mais de 5 mil até 10 mil,7,Araçatuba
3512605,Coronel Macedo,696,RA de Itapeva,Demais municípios,351260,4843,Até 5 mil,12,Bauru
3512704,Corumbataí,686,RA de Campinas,RM de Piracicaba,351270,3962,Até 5 mil,11,Piracicaba
3512803,Cosmópolis,686,RA de Campinas,RM de Campinas,351280,71282,Mais de 50 mil até 100 mil,3,Campinas
3512902,Cosmorama,689,RA de São José do Rio Preto,Demais municípios,351290,6997,Mais de 5 mil até 10 mil,15,São José do Rio Preto
3513009,Cotia,681,RM  de São Paulo,RM de Sao Paulo,351300,247424,Mais de 200 mil até 500 mil,10,Grande São Paulo
3513108,Cravinhos,687,RA de Ribeirão Preto,RM de Ribeirao Preto,351310,34428,Mais de 20 mil até 50 mil,1,Ribeirão Preto
3513207,Cristais Paulista,695,RA de Franca,Demais municípios,351320,8425,Mais de 5 mil até 10 mil,4,Franca
3513306,Cruzália,692,RA de Marília,Demais municípios,351330,2117,Até 5 mil,5,Marília
3513405,Cruzeiro,684,RA de São José dos Campos,RM do Vale do Paraiba e Litoral Norte,351340,79927,Mais de 50 mil até 100 mil,17,Taubaté
3513504,Cubatão,683,RA de Santos,RM da Baixada Santista,351350,129145,Mais de 100 mil até 200 mil,13,Baixada Santista
3513603,Cunha,684,RA de São José dos Campos,RM do Vale do Paraiba e Litoral Norte,351360,21681,Mais de 20 mil até 50 mil,17,Taubaté
3513702,Descalvado,693,RA Central,Demais municípios,351370,32430,Mais de 20 mil até 50 mil,8,Araraquara
3513801,Diadema,681,RM  de São Paulo,RM de Sao Paulo,351380,404477,Mais de 200 mil até 500 mil,10,Grande São Paulo
3513850,Dirce Reis,689,RA de São José do Rio Preto,Demais municípios,351385,1717,Até 5 mil,15,São José do Rio Preto
3513900,Divinolândia,686,RA de Campinas,Demais municípios,351390,10886,Mais de 10 mil até 20 mil,14,São João da Boa Vista
3514007,Dobrada,693,RA Central,Demais municípios,351400,8904,Mais de 5 mil até 10 mil,8,Araraquara
3514106,Dois Córregos,688,RA de Bauru,Demais municípios,351410,26972,Mais de 20 mil até 50 mil,12,Bauru
3514205,Dolcinópolis,689,RA de São José do Rio Preto,Demais municípios,351420,2040,Até 5 mil,15,São José do Rio Preto
3514304,Dourado,693,RA Central,Demais municípios,351430,8482,Mais de 5 mil até 10 mil,8,Araraquara
3514403,Dracena,691,RA de Presidente Prudente,Demais municípios,351440,44995,Mais de 20 mil até 50 mil,2,Presidente Prudente
3514502,Duartina,688,RA de Bauru,Demais municípios,351450,11975,Mais de 10 mil até 20 mil,12,Bauru
3514601,Dumont,687,RA de Ribeirão Preto,RM de Ribeirao Preto,351460,9570,Mais de 5 mil até 10 mil,1,Ribeirão Preto
3514700,Echaporã,692,RA de Marília,Demais municípios,351470,6217,Mais de 5 mil até 10 mil,5,Marília
3514809,Eldorado,682,RA de Registro,Demais municípios,351480,15236,Mais de 10 mil até 20 mil,9,Registro
3514908,Elias Fausto,686,RA de Campinas,RM de Piracicaba,351490,17346,Mais de 10 mil até 20 mil,11,Piracicaba
3514924,Elisiário,689,RA de São José do Rio Preto,Demais municípios,351492,3499,Até 5 mil,15,São José do Rio Preto
3514957,Embaúba,694,RA de Barretos,Demais municípios,351495,2409,Até 5 mil,15,São José do Rio Preto
3515004,Embu das Artes,681,RM  de São Paulo,RM de Sao Paulo,351500,270790,Mais de 200 mil até 500 mil,10,Grande São Paulo
3515103,Embu-Guaçu,681,RM  de São Paulo,RM de Sao Paulo,351510,68053,Mais de 50 mil até 100 mil,10,Grande São Paulo
3515129,Emilianópolis,691,RA de Presidente Prudente,Demais municípios,351512,3068,Até 5 mil,2,Presidente Prudente
3515152,Engenheiro Coelho,686,RA de Campinas,RM de Campinas,351515,20535,Mais de 20 mil até 50 mil,11,Piracicaba
3515186,Espírito Santo do Pinhal,686,RA de Campinas,Demais municípios,351518,42573,Mais de 20 mil até 50 mil,14,São João da Boa Vista
3515194,Espírito Santo do Turvo,692,RA de Marília,Demais municípios,351519,4799,Até 5 mil,5,Marília
3515202,Estrela d'Oeste,689,RA de São José do Rio Preto,Demais municípios,351520,8094,Mais de 5 mil até 10 mil,15,São José do Rio Preto
3515301,Estrela do Norte,691,RA de Presidente Prudente,Demais municípios,351530,2665,Até 5 mil,2,Presidente Prudente
3515350,Euclides da Cunha Paulista,691,RA de Presidente Prudente,Demais municípios,351535,9537,Mais de 5 mil até 10 mil,2,Presidente Prudente
3515400,Fartura,696,RA de Itapeva,Demais municípios,351540,15644,Mais de 10 mil até 20 mil,12,Bauru
3515509,Fernandópolis,689,RA de São José do Rio Preto,Demais municípios,351550,66112,Mais de 50 mil até 100 mil,15,São José do Rio Preto
3515608,Fernando Prestes,693,RA Central,Demais municípios,351560,5572,Mais de 5 mil até 10 mil,15,São José do Rio Preto
3515657,Fernão,692,RA de Marília,Demais municípios,351565,1649,Até 5 mil,5,Marília
3515707,Ferraz de Vasconcelos,681,RM  de São Paulo,RM de Sao Paulo,351570,193037,Mais de 100 mil até 200 mil,10,Grande São Paulo
3515806,Flora Rica,691,RA de Presidente Prudente,Demais municípios,351580,1589,Até 5 mil,2,Presidente Prudente
3515905,Floreal,689,RA de São José do Rio Preto,Demais municípios,351590,2856,Até 5 mil,15,São José do Rio Preto
3516002,Flórida Paulista,691,RA de Presidente Prudente,Demais municípios,351600,12120,Mais de 10 mil até 20 mil,5,Marília
3516101,Florínia,692,RA de Marília,Demais municípios,351610,2703,Até 5 mil,5,Marília
3516200,Franca,695,RA de Franca,Demais municípios,351620,342125,Mais de 200 mil até 500 mil,4,Franca
3516309,Francisco Morato,681,RM  de São Paulo,RM de Sao Paulo,351630,174403,Mais de 100 mil até 200 mil,10,Grande São Paulo
3516408,Franco da Rocha,681,RM  de São Paulo,RM de Sao Paulo,351640,152201,Mais de 100 mil até 200 mil,10,Grande São Paulo
3516507,Gabriel Monteiro,690,RA de Araçatuba,Demais municípios,351650,2684,Até 5 mil,7,Araçatuba
3516606,Gália,692,RA de Marília,Demais municípios,351660,6563,Mais de 5 mil até 10 mil,5,Marília
3516705,Garça,692,RA de Marília,Demais municípios,351670,42483,Mais de 20 mil até 50 mil,5,Marília
3516804,Gastão Vidigal,690,RA de Araçatuba,Demais municípios,351680,4768,Até 5 mil,15,São José do Rio Preto
3516853,Gavião Peixoto,693,RA Central,Demais municípios,351685,4610,Até 5 mil,8,Araraquara
3516903,General Salgado,690,RA de Araçatuba,Demais municípios,351690,10648,Mais de 10 mil até 20 mil,15,São José do Rio Preto
3517000,Getulina,688,RA de Bauru,Demais municípios,351700,10847,Mais de 10 mil até 20 mil,12,Bauru
3517109,Glicério,690,RA de Araçatuba,Demais municípios,351710,4749,Até 5 mil,7,Araçatuba
3517208,Guaiçara,688,RA de Bauru,Demais municípios,351720,11947,Mais de 10 mil até 20 mil,12,Bauru
3517307,Guaimbê,688,RA de Bauru,Demais municípios,351730,5534,Mais de 5 mil até 10 mil,5,Marília
3517406,Guaíra,694,RA de Barretos,Demais municípios,351740,39061,Mais de 20 mil até 50 mil,16,Barretos
3517505,Guapiaçu,689,RA de São José do Rio Preto,RM São José do Rio Preto,351750,20848,Mais de 20 mil até 50 mil,15,São José do Rio Preto
3517604,Guapiara,696,RA de Itapeva,Demais municípios,351760,17775,Mais de 10 mil até 20 mil,6,Sorocaba
3517703,Guará,695,RA de Franca,Demais municípios,351770,20824,Mais de 20 mil até 50 mil,4,Franca
3517802,Guaraçaí,690,RA de Araçatuba,Demais municípios,351780,8412,Mais de 5 mil até 10 mil,7,Araçatuba
3517901,Guaraci,694,RA de Barretos,Demais municípios,351790,10978,Mais de 10 mil até 20 mil,16,Barretos
3518008,Guarani d'Oeste,689,RA de São José do Rio Preto,Demais municípios,351800,1922,Até 5 mil,15,São José do Rio Preto
3518107,Guarantã,688,RA de Bauru,Demais municípios,351810,6477,Mais de 5 mil até 10 mil,5,Marília
3518206,Guararapes,690,RA de Araçatuba,Demais municípios,351820,32076,Mais de 20 mil até 50 mil,7,Araçatuba
3518305,Guararema,681,RM  de São Paulo,RM de Sao Paulo,351830,29429,Mais de 20 mil até 50 mil,10,Grande São Paulo
3518404,Guaratinguetá,684,RA de São José dos Campos,RM do Vale do Paraiba e Litoral Norte,351840,118345,Mais de 100 mil até 200 mil,17,Taubaté
3518503,Guareí,685,RA de Sorocaba,Demais municípios,351850,15750,Mais de 10 mil até 20 mil,6,Sorocaba
3518602,Guariba,687,RA de Ribeirão Preto,RM de Ribeirao Preto,351860,39021,Mais de 20 mil até 50 mil,1,Ribeirão Preto
3518701,Guarujá,683,RA de Santos,RM da Baixada Santista,351870,316405,Mais de 200 mil até 500 mil,13,Baixada Santista
3518800,Guarulhos,681,RM  de São Paulo,RM de Sao Paulo,351880,1351275,Mais de 1 milhão,10,Grande São Paulo
3518859,Guatapará,687,RA de Ribeirão Preto,RM de Ribeirao Preto,351885,7440,Mais de 5 mil até 10 mil,1,Ribeirão Preto
3518909,Guzolândia,690,RA de Araçatuba,Demais municípios,351890,5107,Mais de 5 mil até 10 mil,7,Araçatuba
3519006,Herculândia,692,RA de Marília,Demais municípios,351900,9260,Mais de 5 mil até 10 mil,5,Marília
3519055,Holambra,686,RA de Campinas,RM de Campinas,351905,14493,Mais de 10 mil até 20 mil,3,Campinas
3519071,Hortolândia,686,RA de Campinas,RM de Campinas,351907,230268,Mais de 200 mil até 500 mil,3,Campinas
3519105,Iacanga,688,RA de Bauru,Demais municípios,351910,11306,Mais de 10 mil até 20 mil,12,Bauru
3519204,Iacri,692,RA de Marília,Demais municípios,351920,6272,Mais de 5 mil até 10 mil,5,Marília
3519253,Iaras,685,RA de Sorocaba,Demais municípios,351925,6894,Mais de 5 mil até 10 mil,12,Bauru
3519303,Ibaté,693,RA Central,Demais municípios,351930,34738,Mais de 20 mil até 50 mil,8,Araraquara
3519402,Ibirá,689,RA de São José do Rio Preto,RM São José do Rio Preto,351940,12059,Mais de 10 mil até 20 mil,15,São José do Rio Preto
3519501,Ibirarema,692,RA de Marília,Demais municípios,351950,7509,Mais de 5 mil até 10 mil,5,Marília
3519600,Ibitinga,693,RA Central,Demais municípios,351960,58501,Mais de 50 mil até 100 mil,8,Araraquara
3519709,Ibiúna,685,RA de Sorocaba,RM de Sorocaba,351970,76430,Mais de 50 mil até 100 mil,6,Sorocaba
3519808,Icém,689,RA de São José do Rio Preto,RM São José do Rio Preto,351980,8032,Mais de 5 mil até 10 mil,15,São José do Rio Preto
3519907,Iepê,691,RA de Presidente Prudente,Demais municípios,351990,7921,Mais de 5 mil até 10 mil,2,Presidente Prudente
3520004,Igaraçu do Tietê,688,RA de Bauru,Demais municípios,352000,24135,Mais de 20 mil até 50 mil,12,Bauru
3520103,Igarapava,695,RA de Franca,Demais municípios,352010,29456,Mais de 20 mil até 50 mil,4,Franca
3520202,Igaratá,684,RA de São José dos Campos,RM do Vale do Paraiba e Litoral Norte,352020,9312,Mais de 5 mil até 10 mil,17,Taubaté
3520301,Iguape,682,RA de Registro,Demais municípios,352030,29465,Mais de 20 mil até 50 mil,9,Registro
3520400,Ilhabela,684,RA de São José dos Campos,RM do Vale do Paraiba e Litoral Norte,352040,33470,Mais de 20 mil até 50 mil,17,Taubaté
3520426,Ilha Comprida,682,RA de Registro,Demais municípios,352042,10296,Mais de 10 mil até 20 mil,9,Registro
3520442,Ilha Solteira,690,RA de Araçatuba,Demais municípios,352044,25748,Mais de 20 mil até 50 mil,7,Araçatuba
3520509,Indaiatuba,686,RA de Campinas,RM de Campinas,352050,242868,Mais de 200 mil até 500 mil,3,Campinas
3520608,Indiana,691,RA de Presidente Prudente,Demais municípios,352060,4775,Até 5 mil,2,Presidente Prudente
3520707,Indiaporã,689,RA de São José do Rio Preto,Demais municípios,352070,3854,Até 5 mil,15,São José do Rio Preto
3520806,Inúbia Paulista,691,RA de Presidente Prudente,Demais municípios,352080,3892,Até 5 mil,5,Marília
3520905,Ipaussu,692,RA de Marília,Demais municípios,352090,14506,Mais de 10 mil até 20 mil,5,Marília
3521002,Iperó,685,RA de Sorocaba,RM de Sorocaba,352100,34352,Mais de 20 mil até 50 mil,6,Sorocaba
3521101,Ipeúna,686,RA de Campinas,RM de Piracicaba,352110,7571,Mais de 5 mil até 10 mil,11,Piracicaba
3521150,Ipiguá,689,RA de São José do Rio Preto,RM São José do Rio Preto,352115,5231,Mais de 5 mil até 10 mil,15,São José do Rio Preto
3521200,Iporanga,696,RA de Itapeva,Demais municípios,352120,4407,Até 5 mil,9,Registro
3521309,Ipuã,695,RA de Franca,Demais municípios,352130,15861,Mais de 10 mil até 20 mil,4,Franca
3521408,Iracemápolis,686,RA de Campinas,RM de Piracicaba,352140,23654,Mais de 20 mil até 50 mil,11,Piracicaba
3521507,Irapuã,689,RA de São José do Rio Preto,RM São José do Rio Preto,352150,7734,Mais de 5 mil até 10 mil,15,São José do Rio Preto
3521606,Irapuru,691,RA de Presidente Prudente,Demais municípios,352160,7334,Mais de 5 mil até 10 mil,2,Presidente Prudente
3521705,Itaberá,696,RA de Itapeva,Demais municípios,352170,17614,Mais de 10 mil até 20 mil,6,Sorocaba
3521804,Itaí,696,RA de Itapeva,Demais municípios,352180,26507,Mais de 20 mil até 50 mil,12,Bauru
3521903,Itajobi,689,RA de São José do Rio Preto,Demais municípios,352190,14614,Mais de 10 mil até 20 mil,15,São José do Rio Preto
3522000,Itaju,688,RA de Bauru,Demais municípios,352200,3654,Até 5 mil,12,Bauru
3522109,Itanhaém,683,RA de Santos,RM da Baixada Santista,352210,98757,Mais de 50 mil até 100 mil,13,Baixada Santista
3522158,Itaóca,696,RA de Itapeva,Demais municípios,352215,3186,Até 5 mil,6,Sorocaba
3522208,Itapecerica da Serra,681,RM  de São Paulo,RM de Sao Paulo,352220,169619,Mais de 100 mil até 200 mil,10,Grande São Paulo
3522307,Itapetininga,685,RA de Sorocaba,RM de Sorocaba,352230,160150,Mais de 100 mil até 200 mil,6,Sorocaba
3522406,Itapeva,696,RA de Itapeva,Demais municípios,352240,91693,Mais de 50 mil até 100 mil,6,Sorocaba
3522505,Itapevi,681,RM  de São Paulo,RM de Sao Paulo,352250,237714,Mais de 200 mil até 500 mil,10,Grande São Paulo
3522604,Itapira,686,RA de Campinas,Demais municípios,352260,71500,Mais de 50 mil até 100 mil,14,São João da Boa Vista
3522653,Itapirapuã Paulista,696,RA de Itapeva,Demais municípios,352265,4180,Até 5 mil,6,Sorocaba
3522703,Itápolis,693,RA Central,Demais municípios,352270,41548,Mais de 20 mil até 50 mil,8,Araraquara
3522802,Itaporanga,696,RA de Itapeva,Demais municípios,352280,14688,Mais de 10 mil até 20 mil,12,Bauru
3522901,Itapuí,688,RA de Bauru,Demais municípios,352290,13779,Mais de 10 mil até 20 mil,12,Bauru
3523008,Itapura,690,RA de Araçatuba,Demais municípios,352300,4916,Até 5 mil,7,Araçatuba
3523107,Itaquaquecetuba,681,RM  de São Paulo,RM de Sao Paulo,352310,370589,Mais de 200 mil até 500 mil,10,Grande São Paulo
3523206,Itararé,696,RA de Itapeva,Demais municípios,352320,49018,Mais de 20 mil até 50 mil,6,Sorocaba
3523305,Itariri,682,RA de Registro,Demais municípios,352330,17274,Mais de 10 mil até 20 mil,9,Registro
3523404,Itatiba,686,RA de Campinas,RM de Campinas,352340,117916,Mais de 100 mil até 200 mil,3,Campinas
3523503,Itatinga,685,RA de Sorocaba,Demais municípios,352350,20550,Mais de 20 mil até 50 mil,12,Bauru
3523602,Itirapina,686,RA de Campinas,Demais municípios,352360,17162,Mais de 10 mil até 20 mil,11,Piracicaba
3523701,Itirapuã,695,RA de Franca,Demais municípios,352370,6279,Mais de 5 mil até 10 mil,4,Franca
3523800,Itobi,686,RA de Campinas,Demais municípios,352380,7609,Mais de 5 mil até 10 mil,14,São João da Boa Vista
3523909,Itu,685,RA de Sorocaba,RM de Sorocaba,352390,169772,Mais de 100 mil até 200 mil,6,Sorocaba
3524006,Itupeva,686,RA de Campinas,RM de Jundiai,352400,59159,Mais de 50 mil até 100 mil,3,Campinas
3524105,Ituverava,695,RA de Franca,Demais municípios,352410,40246,Mais de 20 mil até 50 mil,4,Franca
3524204,Jaborandi,694,RA de Barretos,Demais municípios,352420,6677,Mais de 5 mil até 10 mil,16,Barretos
3524303,Jaboticabal,687,RA de Ribeirão Preto,RM de Ribeirao Preto,352430,74221,Mais de 50 mil até 100 mil,1,Ribeirão Preto
3524402,Jacareí,684,RA de São José dos Campos,RM do Vale do Paraiba e Litoral Norte,352440,227945,Mais de 200 mil até 500 mil,17,Taubaté
3524501,Jaci,689,RA de São José do Rio Preto,RM São José do Rio Preto,352450,6969,Mais de 5 mil até 10 mil,15,São José do Rio Preto
3524600,Jacupiranga,682,RA de Registro,Demais municípios,352460,17222,Mais de 10 mil até 20 mil,9,Registro
3524709,Jaguariúna,686,RA de Campinas,RM de Campinas,352470,54848,Mais de 50 mil até 100 mil,3,Campinas
3524808,Jales,689,RA de São José do Rio Preto,Demais municípios,352480,47254,Mais de 20 mil até 50 mil,15,São José do Rio Preto
3524907,Jambeiro,684,RA de São José dos Campos,RM do Vale do Paraiba e Litoral Norte,352490,6214,Mais de 5 mil até 10 mil,17,Taubaté
3525003,Jandira,681,RM  de São Paulo,RM de Sao Paulo,352500,123603,Mais de 100 mil até 200 mil,10,Grande São Paulo
3525102,Jardinópolis,687,RA de Ribeirão Preto,RM de Ribeirao Preto,352510,42893,Mais de 20 mil até 50 mil,1,Ribeirão Preto
3525201,Jarinu,686,RA de Campinas,RM de Jundiai,352520,29820,Mais de 20 mil até 50 mil,3,Campinas
3525300,Jaú,688,RA de Bauru,Demais municípios,352530,147505,Mais de 100 mil até 200 mil,12,Bauru
3525409,Jeriquara,695,RA de Franca,Demais municípios,352540,3141,Até 5 mil,4,Franca
3525508,Joanópolis,686,RA de Campinas,Demais municípios,352550,12666,Mais de 10 mil até 20 mil,3,Campinas
3525607,João Ramalho,692,RA de Marília,Demais municípios,352560,4384,Até 5 mil,2,Presidente Prudente
3525706,José Bonifácio,689,RA de São José do Rio Preto,RM São José do Rio Preto,352570,35981,Mais de 20 mil até 50 mil,15,São José do Rio Preto
3525805,Júlio Mesquita,692,RA de Marília,Demais municípios,352580,4640,Até 5 mil,5,Marília
3525854,Jumirim,685,RA de Sorocaba,RM de Sorocaba,352585,3306,Até 5 mil,6,Sorocaba
3525904,Jundiaí,686,RA de Campinas,RM de Jundiai,352590,407016,Mais de 200 mil até 500 mil,3,Campinas
3526001,Junqueirópolis,691,RA de Presidente Prudente,Demais municípios,352600,20065,Mais de 20 mil até 50 mil,2,Presidente Prudente
3526100,Juquiá,682,RA de Registro,Demais municípios,352610,18828,Mais de 10 mil até 20 mil,9,Registro
3526209,Juquitiba,681,RM  de São Paulo,RM de Sao Paulo,352620,30401,Mais de 20 mil até 50 mil,10,Grande São Paulo
3526308,Lagoinha,684,RA de São José dos Campos,RM do Vale do Paraiba e Litoral Norte,352630,4819,Até 5 mil,17,Taubaté
3526407,Laranjal Paulista,685,RA de Sorocaba,Demais municípios,352640,27834,Mais de 20 mil até 50 mil,12,Bauru
3526506,Lavínia,690,RA de Araçatuba,Demais municípios,352650,8500,Mais de 5 mil até 10 mil,7,Araçatuba
3526605,Lavrinhas,684,RA de São José dos Campos,RM do Vale do Paraiba e Litoral Norte,352660,7167,Mais de 5 mil até 10 mil,17,Taubaté
3526704,Leme,686,RA de Campinas,RM de Piracicaba,352670,100975,Mais de 100 mil até 200 mil,11,Piracicaba
3526803,Lençóis Paulista,688,RA de Bauru,Demais municípios,352680,66343,Mais de 50 mil até 100 mil,12,Bauru
3526902,Limeira,686,RA de Campinas,RM de Piracicaba,352690,296300,Mais de 200 mil até 500 mil,11,Piracicaba
3527009,Lindóia,686,RA de Campinas,Demais municípios,352700,7722,Mais de 5 mil até 10 mil,3,Campinas
3527108,Lins,688,RA de Bauru,Demais municípios,352710,75087,Mais de 50 mil até 100 mil,12,Bauru
3527207,Lorena,684,RA de São José dos Campos,RM do Vale do Paraiba e Litoral Norte,352720,86639,Mais de 50 mil até 100 mil,17,Taubaté
3527256,Lourdes,690,RA de Araçatuba,Demais municípios,352725,2182,Até 5 mil,7,Araçatuba
3527306,Louveira,686,RA de Campinas,RM de Jundiai,352730,48268,Mais de 20 mil até 50 mil,3,Campinas
3527405,Lucélia,691,RA de Presidente Prudente,Demais municípios,352740,21019,Mais de 20 mil até 50 mil,5,Marília
3527504,Lucianópolis,688,RA de Bauru,Demais municípios,352750,2261,Até 5 mil,12,Bauru
3527603,Luís Antônio,687,RA de Ribeirão Preto,RM de Ribeirao Preto,352760,14166,Mais de 10 mil até 20 mil,1,Ribeirão Preto
3527702,Luiziânia,690,RA de Araçatuba,Demais municípios,352770,5754,Mais de 5 mil até 10 mil,7,Araçatuba
3527801,Lupércio,692,RA de Marília,Demais municípios,352780,4421,Até 5 mil,5,Marília
3527900,Lutécia,692,RA de Marília,Demais municípios,352790,2621,Até 5 mil,5,Marília
3528007,Macatuba,688,RA de Bauru,Demais municípios,352800,16932,Mais de 10 mil até 20 mil,12,Bauru
3528106,Macaubal,689,RA de São José do Rio Preto,RM São José do Rio Preto,352810,7749,Mais de 5 mil até 10 mil,15,São José do Rio Preto
3528205,Macedônia,689,RA de São José do Rio Preto,Demais municípios,352820,3574,Até 5 mil,15,São José do Rio Preto
3528304,Magda,689,RA de São José do Rio Preto,Demais municípios,352830,3088,Até 5 mil,15,São José do Rio Preto
3528403,Mairinque,685,RA de Sorocaba,RM de Sorocaba,352840,46323,Mais de 20 mil até 50 mil,6,Sorocaba
3528502,Mairiporã,681,RM  de São Paulo,RM de Sao Paulo,352850,98622,Mais de 50 mil até 100 mil,10,Grande São Paulo
3528601,Manduri,685,RA de Sorocaba,Demais municípios,352860,9525,Mais de 5 mil até 10 mil,12,Bauru
3528700,Marabá Paulista,691,RA de Presidente Prudente,Demais municípios,352870,4931,Até 5 mil,2,Presidente Prudente
3528809,Maracaí,692,RA de Marília,Demais municípios,352880,13521,Mais de 10 mil até 20 mil,5,Marília
3528858,Marapoama,689,RA de São José do Rio Preto,Demais municípios,352885,2906,Até 5 mil,15,São José do Rio Preto
3528908,Mariápolis,691,RA de Presidente Prudente,Demais municípios,352890,3975,Até 5 mil,5,Marília
3529005,Marília,692,RA de Marília,Demais municípios,352900,231554,Mais de 200 mil até 500 mil,5,Marília
3529104,Marinópolis,689,RA de São José do Rio Preto,Demais municípios,352910,2097,Até 5 mil,15,São José do Rio Preto
3529203,Martinópolis,691,RA de Presidente Prudente,Demais municípios,352920,25668,Mais de 20 mil até 50 mil,2,Presidente Prudente
3529302,Matão,693,RA Central,Demais municípios,352930,80020,Mais de 50 mil até 100 mil,8,Araraquara
3529401,Mauá,681,RM  de São Paulo,RM de Sao Paulo,352940,460132,Mais de 200 mil até 500 mil,10,Grande São Paulo
3529500,Mendonça,689,RA de São José do Rio Preto,RM São José do Rio Preto,352950,5043,Mais de 5 mil até 10 mil,15,São José do Rio Preto
3529609,Meridiano,689,RA de São José do Rio Preto,Demais municípios,352960,3739,Até 5 mil,15,São José do Rio Preto
3529658,Mesópolis,689,RA de São José do Rio Preto,Demais municípios,352965,1893,Até 5 mil,15,São José do Rio Preto
3529708,Miguelópolis,695,RA de Franca,Demais municípios,352970,21424,Mais de 20 mil até 50 mil,4,Franca
3529807,Mineiros do Tietê,688,RA de Bauru,Demais municípios,352980,12597,Mais de 10 mil até 20 mil,12,Bauru
3529906,Miracatu,682,RA de Registro,Demais municípios,352990,19934,Mais de 10 mil até 20 mil,9,Registro
3530003,Mira Estrela,689,RA de São José do Rio Preto,Demais municípios,353000,2939,Até 5 mil,15,São José do Rio Preto
3530102,Mirandópolis,690,RA de Araçatuba,Demais municípios,353010,28646,Mais de 20 mil até 50 mil,7,Araçatuba
3530201,Mirante do Paranapanema,691,RA de Presidente Prudente,Demais municípios,353020,17769,Mais de 10 mil até 20 mil,2,Presidente Prudente
3530300,Mirassol,689,RA de São José do Rio Preto,RM São José do Rio Preto,353030,57824,Mais de 50 mil até 100 mil,15,São José do Rio Preto
3530409,Mirassolândia,689,RA de São José do Rio Preto,RM São José do Rio Preto,353040,4702,Até 5 mil,15,São José do Rio Preto
3530508,Mococa,686,RA de Campinas,RM de Ribeirao Preto,353050,66753,Mais de 50 mil até 100 mil,14,São João da Boa Vista
3530607,Mogi das Cruzes,681,RM  de São Paulo,RM de Sao Paulo,353060,432905,Mais de 200 mil até 500 mil,10,Grande São Paulo
3530706,Mogi Guaçu,686,RA de Campinas,Demais municípios,353070,148325,Mais de 100 mil até 200 mil,14,São João da Boa Vista
3530805,Moji Mirim,686,RA de Campinas,Demais municípios,353080,90439,Mais de 50 mil até 100 mil,14,São João da Boa Vista
3530904,Mombuca,686,RA de Campinas,RM de Piracicaba,353090,3332,Até 5 mil,11,Piracicaba
3531001,Monções,689,RA de São José do Rio Preto,Demais municípios,353100,2175,Até 5 mil,15,São José do Rio Preto
3531100,Mongaguá,683,RA de Santos,RM da Baixada Santista,353110,54610,Mais de 50 mil até 100 mil,13,Baixada Santista
3531209,Monte Alegre do Sul,686,RA de Campinas,Demais municípios,353120,7749,Mais de 5 mil até 10 mil,3,Campinas
3531308,Monte Alto,687,RA de Ribeirão Preto,RM de Ribeirao Preto,353130,48405,Mais de 20 mil até 50 mil,1,Ribeirão Preto
3531407,Monte Aprazível,689,RA de São José do Rio Preto,RM São José do Rio Preto,353140,23458,Mais de 20 mil até 50 mil,15,São José do Rio Preto
3531506,Monte Azul Paulista,694,RA de Barretos,Demais municípios,353150,18191,Mais de 10 mil até 20 mil,16,Barretos
3531605,Monte Castelo,691,RA de Presidente Prudente,Demais municípios,353160,3991,Até 5 mil,2,Presidente Prudente
3531704,Monteiro Lobato,684,RA de São José dos Campos,RM do Vale do Paraiba e Litoral Norte,353170,4465,Até 5 mil,17,Taubaté
3531803,Monte Mor,686,RA de Campinas,RM de Campinas,353180,59614,Mais de 50 mil até 100 mil,3,Campinas
3531902,Morro Agudo,695,RA de Franca,RM de Ribeirao Preto,353190,32332,Mais de 20 mil até 50 mil,4,Franca
3532009,Morungaba,686,RA de Campinas,RM de Campinas,353200,13247,Mais de 10 mil até 20 mil,3,Campinas
3532058,Motuca,693,RA Central,Demais municípios,353205,4638,Até 5 mil,8,Araraquara
3532108,Murutinga do Sul,690,RA de Araçatuba,Demais municípios,353210,4281,Até 5 mil,7,Araçatuba
3532157,Nantes,691,RA de Presidente Prudente,Demais municípios,353215,3071,Até 5 mil,2,Presidente Prudente
3532207,Narandiba,691,RA de Presidente Prudente,Demais municípios,353220,4841,Até 5 mil,2,Presidente Prudente
3532306,Natividade da Serra,684,RA de São José dos Campos,RM do Vale do Paraiba e Litoral Norte,353230,6698,Mais de 5 mil até 10 mil,17,Taubaté
3532405,Nazaré Paulista,686,RA de Campinas,Demais municípios,353240,18445,Mais de 10 mil até 20 mil,3,Campinas
3532504,Neves Paulista,689,RA de São José do Rio Preto,RM São José do Rio Preto,353250,8620,Mais de 5 mil até 10 mil,15,São José do Rio Preto
3532603,Nhandeara,689,RA de São José do Rio Preto,Demais municípios,353260,10782,Mais de 10 mil até 20 mil,15,São José do Rio Preto
3532702,Nipoã,689,RA de São José do Rio Preto,RM São José do Rio Preto,353270,4969,Até 5 mil,15,São José do Rio Preto
3532801,Nova Aliança,689,RA de São José do Rio Preto,RM São José do Rio Preto,353280,6450,Mais de 5 mil até 10 mil,15,São José do Rio Preto
3532827,Nova Campina,696,RA de Itapeva,Demais municípios,353282,9675,Mais de 5 mil até 10 mil,6,Sorocaba
3532843,Nova Canaã Paulista,689,RA de São José do Rio Preto,Demais municípios,353284,1937,Até 5 mil,15,São José do Rio Preto
3532868,Nova Castilho,690,RA de Araçatuba,Demais municípios,353286,1176,Até 5 mil,7,Araçatuba
3532900,Nova Europa,693,RA Central,Demais municípios,353290,10749,Mais de 10 mil até 20 mil,8,Araraquara
3533007,Nova Granada,689,RA de São José do Rio Preto,RM São José do Rio Preto,353300,20918,Mais de 20 mil até 50 mil,15,São José do Rio Preto
3533106,Nova Guataporanga,691,RA de Presidente Prudente,Demais municípios,353310,2191,Até 5 mil,2,Presidente Prudente
3533205,Nova Independência,690,RA de Araçatuba,Demais municípios,353320,3731,Até 5 mil,7,Araçatuba
3533254,Novais,689,RA de São José do Rio Preto,Demais municípios,353325,5509,Mais de 5 mil até 10 mil,15,São José do Rio Preto
3533304,Nova Luzitânia,690,RA de Araçatuba,Demais municípios,353330,4044,Até 5 mil,7,Araçatuba
3533403,Nova Odessa,686,RA de Campinas,RM de Campinas,353340,58039,Mais de 50 mil até 100 mil,3,Campinas
3533502,Novo Horizonte,689,RA de São José do Rio Preto,Demais municípios,353350,38954,Mais de 20 mil até 50 mil,15,São José do Rio Preto
3533601,Nuporanga,695,RA de Franca,RM de Ribeirao Preto,353360,7268,Mais de 5 mil até 10 mil,4,Franca
3533700,Ocauçu,692,RA de Marília,Demais municípios,353370,4146,Até 5 mil,5,Marília
3533809,Óleo,692,RA de Marília,Demais municípios,353380,2527,Até 5 mil,5,Marília
3533908,Olímpia,694,RA de Barretos,RM São José do Rio Preto,353390,52516,Mais de 50 mil até 100 mil,16,Barretos
3534005,Onda Verde,689,RA de São José do Rio Preto,RM São José do Rio Preto,353400,4225,Até 5 mil,15,São José do Rio Preto
3534104,Oriente,692,RA de Marília,Demais municípios,353410,6265,Mais de 5 mil até 10 mil,5,Marília
3534203,Orindiúva,689,RA de São José do Rio Preto,RM São José do Rio Preto,353420,6866,Mais de 5 mil até 10 mil,15,São José do Rio Preto
3534302,Orlândia,695,RA de Franca,RM de Ribeirao Preto,353430,42266,Mais de 20 mil até 50 mil,4,Franca
3534401,Osasco,681,RM  de São Paulo,RM de Sao Paulo,353440,680964,Mais de 500 mil até 1 milhão,10,Grande São Paulo
3534500,Oscar Bressane,692,RA de Marília,Demais municípios,353450,2514,Até 5 mil,5,Marília
3534609,Osvaldo Cruz,691,RA de Presidente Prudente,Demais municípios,353460,31263,Mais de 20 mil até 50 mil,5,Marília
3534708,Ourinhos,692,RA de Marília,Demais municípios,353470,110489,Mais de 100 mil até 200 mil,5,Marília
3534757,Ouroeste,689,RA de São José do Rio Preto,Demais municípios,353475,9777,Mais de 5 mil até 10 mil,15,São José do Rio Preto
3534807,Ouro Verde,691,RA de Presidente Prudente,Demais municípios,353480,8268,Mais de 5 mil até 10 mil,2,Presidente Prudente
3534906,Pacaembu,691,RA de Presidente Prudente,Demais municípios,353490,13056,Mais de 10 mil até 20 mil,5,Marília
3535002,Palestina,689,RA de São José do Rio Preto,RM São José do Rio Preto,353500,12160,Mais de 10 mil até 20 mil,15,São José do Rio Preto
3535101,Palmares Paulista,689,RA de São José do Rio Preto,Demais municípios,353510,12997,Mais de 10 mil até 20 mil,15,São José do Rio Preto
3535200,Palmeira d'Oeste,689,RA de São José do Rio Preto,Demais municípios,353520,9130,Mais de 5 mil até 10 mil,15,São José do Rio Preto
3535309,Palmital,692,RA de Marília,Demais municípios,353530,21599,Mais de 20 mil até 50 mil,5,Marília
3535408,Panorama,691,RA de Presidente Prudente,Demais municípios,353540,15199,Mais de 10 mil até 20 mil,2,Presidente Prudente
3535507,Paraguaçu Paulista,692,RA de Marília,Demais municípios,353550,44180,Mais de 20 mil até 50 mil,5,Marília
3535606,Paraibuna,684,RA de São José dos Campos,RM do Vale do Paraiba e Litoral Norte,353560,18230,Mais de 10 mil até 20 mil,17,Taubaté
3535705,Paraíso,689,RA de São José do Rio Preto,Demais municípios,353570,6269,Mais de 5 mil até 10 mil,15,São José do Rio Preto
3535804,Paranapanema,696,RA de Itapeva,Demais municípios,353580,19962,Mais de 10 mil até 20 mil,12,Bauru
3535903,Paranapuã,689,RA de São José do Rio Preto,Demais municípios,353590,3892,Até 5 mil,15,São José do Rio Preto
3536000,Parapuã,692,RA de Marília,Demais municípios,353600,10507,Mais de 10 mil até 20 mil,5,Marília
3536109,Pardinho,685,RA de Sorocaba,Demais municípios,353610,6392,Mais de 5 mil até 10 mil,12,Bauru
3536208,Pariquera-Açu,682,RA de Registro,Demais municípios,353620,19251,Mais de 10 mil até 20 mil,9,Registro
3536257,Parisi,689,RA de São José do Rio Preto,Demais municípios,353625,2054,Até 5 mil,15,São José do Rio Preto
3536307,Patrocínio Paulista,695,RA de Franca,Demais municípios,353630,14463,Mais de 10 mil até 20 mil,4,Franca
3536406,Paulicéia,691,RA de Presidente Prudente,Demais municípios,353640,7146,Mais de 5 mil até 10 mil,2,Presidente Prudente
3536505,Paulínia,686,RA de Campinas,RM de Campinas,353650,105037,Mais de 100 mil até 200 mil,3,Campinas
3536570,Paulistânia,688,RA de Bauru,Demais municípios,353657,1769,Até 5 mil,12,Bauru
3536604,Paulo de Faria,689,RA de São José do Rio Preto,RM São José do Rio Preto,353660,8521,Mais de 5 mil até 10 mil,15,São José do Rio Preto
3536703,Pederneiras,688,RA de Bauru,Demais municípios,353670,45570,Mais de 20 mil até 50 mil,12,Bauru
3536802,Pedra Bela,686,RA de Campinas,Demais municípios,353680,5964,Mais de 5 mil até 10 mil,3,Campinas
3536901,Pedranópolis,689,RA de São José do Rio Preto,Demais municípios,353690,2422,Até 5 mil,15,São José do Rio Preto
3537008,Pedregulho,695,RA de Franca,Demais municípios,353700,16279,Mais de 10 mil até 20 mil,4,Franca
3537107,Pedreira,686,RA de Campinas,RM de Campinas,353710,46548,Mais de 20 mil até 50 mil,3,Campinas
3537156,Pedrinhas Paulista,692,RA de Marília,Demais municípios,353715,3010,Até 5 mil,5,Marília
3537206,Pedro de Toledo,682,RA de Registro,Demais municípios,353720,10977,Mais de 10 mil até 20 mil,9,Registro
3537305,Penápolis,690,RA de Araçatuba,Demais municípios,353730,60774,Mais de 50 mil até 100 mil,7,Araçatuba
3537404,Pereira Barreto,690,RA de Araçatuba,Demais municípios,353740,25391,Mais de 20 mil até 50 mil,7,Araçatuba
3537503,Pereiras,685,RA de Sorocaba,Demais municípios,353750,8428,Mais de 5 mil até 10 mil,12,Bauru
3537602,Peruíbe,683,RA de Santos,RM da Baixada Santista,353760,66201,Mais de 50 mil até 100 mil,13,Baixada Santista
3537701,Piacatu,690,RA de Araçatuba,Demais municípios,353770,5891,Mais de 5 mil até 10 mil,7,Araçatuba
3537800,Piedade,685,RA de Sorocaba,RM de Sorocaba,353780,53536,Mais de 50 mil até 100 mil,6,Sorocaba
3537909,Pilar do Sul,685,RA de Sorocaba,RM de Sorocaba,353790,28221,Mais de 20 mil até 50 mil,6,Sorocaba
3538006,Pindamonhangaba,684,RA de São José dos Campos,RM do Vale do Paraiba e Litoral Norte,353800,163611,Mais de 100 mil até 200 mil,17,Taubaté
3538105,Pindorama,689,RA de São José do Rio Preto,Demais municípios,353810,16255,Mais de 10 mil até 20 mil,15,São José do Rio Preto
3538204,Pinhalzinho,686,RA de Campinas,Demais municípios,353820,14755,Mais de 10 mil até 20 mil,3,Campinas
3538303,Piquerobi,691,RA de Presidente Prudente,Demais municípios,353830,3535,Até 5 mil,2,Presidente Prudente
3538501,Piquete,684,RA de São José dos Campos,RM do Vale do Paraiba e Litoral Norte,353850,13647,Mais de 10 mil até 20 mil,17,Taubaté
3538600,Piracaia,686,RA de Campinas,Demais municípios,353860,26287,Mais de 20 mil até 50 mil,3,Campinas
3538709,Piracicaba,686,RA de Campinas,RM de Piracicaba,353870,389873,Mais de 200 mil até 500 mil,11,Piracicaba
3538808,Piraju,696,RA de Itapeva,Demais municípios,353880,28574,Mais de 20 mil até 50 mil,12,Bauru
3538907,Pirajuí,688,RA de Bauru,Demais municípios,353890,23259,Mais de 20 mil até 50 mil,12,Bauru
3539004,Pirangi,694,RA de Barretos,Demais municípios,353900,10823,Mais de 10 mil até 20 mil,15,São José do Rio Preto
3539103,Pirapora do Bom Jesus,681,RM  de São Paulo,RM de Sao Paulo,353910,18851,Mais de 10 mil até 20 mil,10,Grande São Paulo
3539202,Pirapozinho,691,RA de Presidente Prudente,Demais municípios,353920,27213,Mais de 20 mil até 50 mil,2,Presidente Prudente
3539301,Pirassununga,686,RA de Campinas,RM de Piracicaba,353930,73706,Mais de 50 mil até 100 mil,11,Piracicaba
3539400,Piratininga,688,RA de Bauru,Demais municípios,353940,13213,Mais de 10 mil até 20 mil,12,Bauru
3539509,Pitangueiras,687,RA de Ribeirão Preto,RM de Ribeirao Preto,353950,38584,Mais de 20 mil até 50 mil,1,Ribeirão Preto
3539608,Planalto,689,RA de São José do Rio Preto,RM São José do Rio Preto,353960,5167,Mais de 5 mil até 10 mil,15,São José do Rio Preto
3539707,Platina,692,RA de Marília,Demais municípios,353970,3501,Até 5 mil,5,Marília
3539806,Poá,681,RM  de São Paulo,RM de Sao Paulo,353980,115538,Mais de 100 mil até 200 mil,10,Grande São Paulo
3539905,Poloni,689,RA de São José do Rio Preto,RM São José do Rio Preto,353990,5667,Mais de 5 mil até 10 mil,15,São José do Rio Preto
3540002,Pompéia,692,RA de Marília,Demais municípios,354000,21282,Mais de 20 mil até 50 mil,5,Marília
3540101,Pongaí,688,RA de Bauru,Demais municípios,354010,3351,Até 5 mil,12,Bauru
3540200,Pontal,687,RA de Ribeirão Preto,RM de Ribeirao Preto,354020,49283,Mais de 20 mil até 50 mil,1,Ribeirão Preto
3540259,Pontalinda,689,RA de São José do Rio Preto,Demais municípios,354025,4487,Até 5 mil,15,São José do Rio Preto
3540309,Pontes Gestal,689,RA de São José do Rio Preto,Demais municípios,354030,2528,Até 5 mil,15,São José do Rio Preto
3540408,Populina,689,RA de São José do Rio Preto,Demais municípios,354040,3995,Até 5 mil,15,São José do Rio Preto
3540507,Porangaba,685,RA de Sorocaba,Demais municípios,354050,9310,Mais de 5 mil até 10 mil,12,Bauru
3540606,Porto Feliz,685,RA de Sorocaba,RM de Sorocaba,354060,51697,Mais de 50 mil até 100 mil,6,Sorocaba
3540705,Porto Ferreira,693,RA Central,Demais municípios,354070,54102,Mais de 50 mil até 100 mil,8,Araraquara
3540754,Potim,684,RA de São José dos Campos,RM do Vale do Paraiba e Litoral Norte,354075,20702,Mais de 20 mil até 50 mil,17,Taubaté
3540804,Potirendaba,689,RA de São José do Rio Preto,RM São José do Rio Preto,354080,16605,Mais de 10 mil até 20 mil,15,São José do Rio Preto
3540853,Pracinha,691,RA de Presidente Prudente,Demais municípios,354085,2913,Até 5 mil,5,Marília
3540903,Pradópolis,687,RA de Ribeirão Preto,RM de Ribeirao Preto,354090,20907,Mais de 20 mil até 50 mil,1,Ribeirão Preto
3541000,Praia Grande,683,RA de Santos,RM da Baixada Santista,354100,316844,Mais de 200 mil até 500 mil,13,Baixada Santista
3541059,Pratânia,685,RA de Sorocaba,Demais municípios,354105,5156,Mais de 5 mil até 10 mil,12,Bauru
3541109,Presidente Alves,688,RA de Bauru,Demais municípios,354110,4020,Até 5 mil,12,Bauru
3541208,Presidente Bernardes,691,RA de Presidente Prudente,Demais municípios,354120,13720,Mais de 10 mil até 20 mil,2,Presidente Prudente
3541307,Presidente Epitácio,691,RA de Presidente Prudente,Demais municípios,354130,42400,Mais de 20 mil até 50 mil,2,Presidente Prudente
3541406,Presidente Prudente,691,RA de Presidente Prudente,Demais municípios,354140,221073,Mais de 200 mil até 500 mil,2,Presidente Prudente
3541505,Presidente Venceslau,691,RA de Presidente Prudente,Demais municípios,354150,38005,Mais de 20 mil até 50 mil,2,Presidente Prudente
3541604,Promissão,688,RA de Bauru,Demais municípios,354160,39667,Mais de 20 mil até 50 mil,12,Bauru
3541653,Quadra,685,RA de Sorocaba,Demais municípios,354165,3708,Até 5 mil,6,Sorocaba
3541703,Quatá,692,RA de Marília,Demais municípios,354170,13935,Mais de 10 mil até 20 mil,2,Presidente Prudente
3541802,Queiroz,692,RA de Marília,Demais municípios,354180,3279,Até 5 mil,5,Marília
3541901,Queluz,684,RA de São José dos Campos,RM do Vale do Paraiba e Litoral Norte,354190,12644,Mais de 10 mil até 20 mil,17,Taubaté
3542008,Quintana,692,RA de Marília,Demais municípios,354200,6500,Mais de 5 mil até 10 mil,5,Marília
3542107,Rafard,686,RA de Campinas,RM de Piracicaba,354210,8976,Mais de 5 mil até 10 mil,11,Piracicaba
3542206,Rancharia,691,RA de Presidente Prudente,Demais municípios,354220,28847,Mais de 20 mil até 50 mil,2,Presidente Prudente
3542305,Redenção da Serra,684,RA de São José dos Campos,RM do Vale do Paraiba e Litoral Norte,354230,3837,Até 5 mil,17,Taubaté
3542404,Regente Feijó,691,RA de Presidente Prudente,Demais municípios,354240,19491,Mais de 10 mil até 20 mil,2,Presidente Prudente
3542503,Reginópolis,688,RA de Bauru,Demais municípios,354250,7215,Mais de 5 mil até 10 mil,12,Bauru
3542602,Registro,682,RA de Registro,Demais municípios,354260,54216,Mais de 50 mil até 100 mil,9,Registro
3542701,Restinga,695,RA de Franca,Demais municípios,354270,7493,Mais de 5 mil até 10 mil,4,Franca
3542800,Ribeira,696,RA de Itapeva,Demais municípios,354280,3242,Até 5 mil,6,Sorocaba
3542909,Ribeirão Bonito,693,RA Central,Demais municípios,354290,12959,Mais de 10 mil até 20 mil,8,Araraquara
3543006,Ribeirão Branco,696,RA de Itapeva,Demais municípios,354300,17685,Mais de 10 mil até 20 mil,6,Sorocaba
3543105,Ribeirão Corrente,695,RA de Franca,Demais municípios,354310,4664,Até 5 mil,4,Franca
3543204,Ribeirão do Sul,692,RA de Marília,Demais municípios,354320,4360,Até 5 mil,5,Marília
3543238,Ribeirão dos Índios,691,RA de Presidente Prudente,Demais municípios,354323,2141,Até 5 mil,2,Presidente Prudente
3543253,Ribeirão Grande,696,RA de Itapeva,Demais municípios,354325,7510,Mais de 5 mil até 10 mil,6,Sorocaba
3543303,Ribeirão Pires,681,RM  de São Paulo,RM de Sao Paulo,354330,118968,Mais de 100 mil até 200 mil,10,Grande São Paulo
3543402,Ribeirão Preto,687,RA de Ribeirão Preto,RM de Ribeirao Preto,354340,683777,Mais de 500 mil até 1 milhão,1,Ribeirão Preto
3543501,Riversul,696,RA de Itapeva,Demais municípios,354350,5705,Mais de 5 mil até 10 mil,6,Sorocaba
3543600,Rifaina,695,RA de Franca,Demais municípios,354360,3468,Até 5 mil,4,Franca
3543709,Rincão,693,RA Central,Demais municípios,354370,10496,Mais de 10 mil até 20 mil,8,Araraquara
3543808,Rinópolis,692,RA de Marília,Demais municípios,354380,9720,Mais de 5 mil até 10 mil,5,Marília
3543907,Rio Claro,686,RA de Campinas,RM de Piracicaba,354390,201212,Mais de 200 mil até 500 mil,11,Piracicaba
3544004,Rio das Pedras,686,RA de Campinas,RM de Piracicaba,354400,34416,Mais de 20 mil até 50 mil,11,Piracicaba
3544103,Rio Grande da Serra,681,RM  de São Paulo,RM de Sao Paulo,354410,49816,Mais de 20 mil até 50 mil,10,Grande São Paulo
3544202,Riolândia,689,RA de São José do Rio Preto,Demais municípios,354420,11431,Mais de 10 mil até 20 mil,15,São José do Rio Preto
3544251,Rosana,691,RA de Presidente Prudente,Demais municípios,354425,18387,Mais de 10 mil até 20 mil,2,Presidente Prudente
3544301,Roseira,684,RA de São José dos Campos,RM do Vale do Paraiba e Litoral Norte,354430,10642,Mais de 10 mil até 20 mil,17,Taubaté
3544400,Rubiácea,690,RA de Araçatuba,Demais municípios,354440,3106,Até 5 mil,7,Araçatuba
3544509,Rubinéia,689,RA de São José do Rio Preto,Demais municípios,354450,2989,Até 5 mil,15,São José do Rio Preto
3544608,Sabino,688,RA de Bauru,Demais municípios,354460,5468,Mais de 5 mil até 10 mil,12,Bauru
3544707,Sagres,691,RA de Presidente Prudente,Demais municípios,354470,2362,Até 5 mil,5,Marília
3544806,Sales,689,RA de São José do Rio Preto,RM São José do Rio Preto,354480,6050,Mais de 5 mil até 10 mil,15,São José do Rio Preto
3544905,Sales Oliveira,695,RA de Franca,RM de Ribeirao Preto,354490,11518,Mais de 10 mil até 20 mil,4,Franca
3545001,Salesópolis,681,RM  de São Paulo,RM de Sao Paulo,354500,16838,Mais de 10 mil até 20 mil,10,Grande São Paulo
3545100,Salmourão,691,RA de Presidente Prudente,Demais municípios,354510,5117,Mais de 5 mil até 10 mil,5,Marília
3545159,Saltinho,686,RA de Campinas,RM de Piracicaba,354515,7860,Mais de 5 mil até 10 mil,11,Piracicaba
3545209,Salto,685,RA de Sorocaba,RM de Sorocaba,354520,115372,Mais de 100 mil até 200 mil,6,Sorocaba
3545308,Salto de Pirapora,685,RA de Sorocaba,RM de Sorocaba,354530,44223,Mais de 20 mil até 50 mil,6,Sorocaba
3545407,Salto Grande,692,RA de Marília,Demais municípios,354540,9095,Mais de 5 mil até 10 mil,5,Marília
3545506,Sandovalina,691,RA de Presidente Prudente,Demais municípios,354550,4211,Até 5 mil,2,Presidente Prudente
3545605,Santa Adélia,689,RA de São José do Rio Preto,Demais municípios,354560,14892,Mais de 10 mil até 20 mil,15,São José do Rio Preto
3545704,Santa Albertina,689,RA de São José do Rio Preto,Demais municípios,354570,5672,Mais de 5 mil até 10 mil,15,São José do Rio Preto
3545803,Santa Bárbara d'Oeste,686,RA de Campinas,RM de Campinas,354580,188745,Mais de 100 mil até 200 mil,3,Campinas
3546009,Santa Branca,684,RA de São José dos Campos,RM do Vale do Paraiba e Litoral Norte,354600,14179,Mais de 10 mil até 20 mil,17,Taubaté
3546108,Santa Clara d'Oeste,689,RA de São José do Rio Preto,Demais municípios,354610,2006,Até 5 mil,15,São José do Rio Preto
3546207,Santa Cruz da Conceição,686,RA de Campinas,RM de Piracicaba,354620,4349,Até 5 mil,11,Piracicaba
3546256,Santa Cruz da Esperança,687,RA de Ribeirão Preto,RM de Ribeirao Preto,354625,2077,Até 5 mil,1,Ribeirão Preto
3546306,Santa Cruz das Palmeiras,686,RA de Campinas,Demais municípios,354630,33729,Mais de 20 mil até 50 mil,14,São João da Boa Vista
3546405,Santa Cruz do Rio Pardo,692,RA de Marília,Demais municípios,354640,46110,Mais de 20 mil até 50 mil,5,Marília
3546504,Santa Ernestina,693,RA Central,Demais municípios,354650,5525,Mais de 5 mil até 10 mil,8,Araraquara
3546603,Santa Fé do Sul,689,RA de São José do Rio Preto,Demais municípios,354660,30804,Mais de 20 mil até 50 mil,15,São José do Rio Preto
3546702,Santa Gertrudes,686,RA de Campinas,RM de Piracicaba,354670,26189,Mais de 20 mil até 50 mil,11,Piracicaba
3546801,Santa Isabel,681,RM  de São Paulo,RM de Sao Paulo,354680,55086,Mais de 50 mil até 100 mil,10,Grande São Paulo
3546900,Santa Lucia,693,RA Central,Demais municípios,354690,8562,Mais de 5 mil até 10 mil,8,Araraquara
3547007,Santa Maria da Serra,686,RA de Campinas,RM de Piracicaba,354700,6141,Mais de 5 mil até 10 mil,11,Piracicaba
3547106,Santa Mercedes,691,RA de Presidente Prudente,Demais municípios,354710,2813,Até 5 mil,2,Presidente Prudente
3547205,Santana da Ponte Pensa,689,RA de São José do Rio Preto,Demais municípios,354720,1509,Até 5 mil,15,São José do Rio Preto
3547304,Santana de Parnaíba,681,RM  de São Paulo,RM de Sao Paulo,354730,138132,Mais de 100 mil até 200 mil,10,Grande São Paulo
3547403,Santa Rita d'Oeste,689,RA de São José do Rio Preto,Demais municípios,354740,2404,Até 5 mil,15,São José do Rio Preto
3547502,Santa Rita do Passa Quatro,693,RA Central,RM de Ribeirao Preto,354750,26385,Mais de 20 mil até 50 mil,1,Ribeirão Preto
3547601,Santa Rosa do Viterbo,687,RA de Ribeirão Preto,RM de Ribeirao Preto,354760,25604,Mais de 20 mil até 50 mil,1,Ribeirão Preto
3547650,Santa Salete,689,RA de São José do Rio Preto,Demais municípios,354765,1440,Até 5 mil,15,São José do Rio Preto
3547700,Santo Anastácio,691,RA de Presidente Prudente,Demais municípios,354770,20127,Mais de 20 mil até 50 mil,2,Presidente Prudente
3547809,Santo André,681,RM  de São Paulo,RM de Sao Paulo,354780,693867,Mais de 500 mil até 1 milhão,10,Grande São Paulo
3547908,Santo Antonio da Alegria,687,RA de Ribeirão Preto,RM de Ribeirao Preto,354790,6637,Mais de 5 mil até 10 mil,1,Ribeirão Preto
3548005,Santo Antonio de Posse,686,RA de Campinas,RM de Campinas,354800,22849,Mais de 20 mil até 50 mil,3,Campinas
3548054,Santo Antonio do Aracanguá,690,RA de Araçatuba,Demais municípios,354805,8252,Mais de 5 mil até 10 mil,7,Araçatuba
3548104,Santo Antonio do Jardim,686,RA de Campinas,Demais municípios,354810,5826,Mais de 5 mil até 10 mil,14,São João da Boa Vista
3548203,Santo Antonio do Pinhal,684,RA de São José dos Campos,RM do Vale do Paraiba e Litoral Norte,354820,6628,Mais de 5 mil até 10 mil,17,Taubaté
3548302,Santo Expedito,691,RA de Presidente Prudente,Demais municípios,354830,2972,Até 5 mil,2,Presidente Prudente
3548401,Santópolis do Aguapeí,690,RA de Araçatuba,Demais municípios,354840,4668,Até 5 mil,7,Araçatuba
3548500,Santos,683,RA de Santos,RM da Baixada Santista,354850,428703,Mais de 200 mil até 500 mil,13,Baixada Santista
3548609,São Bento do Sapucaí,684,RA de São José dos Campos,RM do Vale do Paraiba e Litoral Norte,354860,10530,Mais de 10 mil até 20 mil,17,Taubaté
3548708,São Bernardo do Campo,681,RM  de São Paulo,RM de Sao Paulo,354870,812086,Mais de 500 mil até 1 milhão,10,Grande São Paulo
3548807,São Caetano do Sul,681,RM  de São Paulo,RM de Sao Paulo,354880,151244,Mais de 100 mil até 200 mil,10,Grande São Paulo
3548906,São Carlos,693,RA Central,Demais municípios,354890,242632,Mais de 200 mil até 500 mil,8,Araraquara
3549003,São Francisco,689,RA de São José do Rio Preto,Demais municípios,354900,2677,Até 5 mil,15,São José do Rio Preto
3549102,São João da Boa Vista,686,RA de Campinas,Demais municípios,354910,87340,Mais de 50 mil até 100 mil,14,São João da Boa Vista
3549201,São João das Duas Pontes,689,RA de São José do Rio Preto,Demais municípios,354920,2476,Até 5 mil,15,São José do Rio Preto
3549250,São João de Iracema,690,RA de Araçatuba,Demais municípios,354925,1850,Até 5 mil,15,São José do Rio Preto
3549300,São João do Pau d'Alho,691,RA de Presidente Prudente,Demais municípios,354930,1985,Até 5 mil,2,Presidente Prudente
3549409,São Joaquim da Barra,695,RA de Franca,Demais municípios,354940,50274,Mais de 50 mil até 100 mil,4,Franca
3549508,São José da Bela Vista,695,RA de Franca,Demais municípios,354950,8727,Mais de 5 mil até 10 mil,4,Franca
3549607,São José do Barreiro,684,RA de São José dos Campos,RM do Vale do Paraiba e Litoral Norte,354960,4070,Até 5 mil,17,Taubaté
3549706,São José do Rio Pardo,686,RA de Campinas,Demais municípios,354970,53206,Mais de 50 mil até 100 mil,14,São João da Boa Vista
3549805,São José do Rio Preto,689,RA de São José do Rio Preto,RM São José do Rio Preto,354980,447924,Mais de 200 mil até 500 mil,15,São José do Rio Preto
3549904,São José dos Campos,684,RA de São José dos Campos,RM do Vale do Paraiba e Litoral Norte,354990,710654,Mais de 500 mil até 1 milhão,17,Taubaté
3549953,São Lourenço da Serra,681,RM  de São Paulo,RM de Sao Paulo,354995,15579,Mais de 10 mil até 20 mil,10,Grande São Paulo
3550001,São Luís do Paraitinga,684,RA de São José dos Campos,RM do Vale do Paraiba e Litoral Norte,355000,10569,Mais de 10 mil até 20 mil,17,Taubaté
3550100,São Manuel,685,RA de Sorocaba,Demais municípios,355010,39574,Mais de 20 mil até 50 mil,12,Bauru
3550209,São Miguel Arcanjo,685,RA de Sorocaba,RM de Sorocaba,355020,32000,Mais de 20 mil até 50 mil,6,Sorocaba
3550308,São Paulo,681,RM  de São Paulo,RM de Sao Paulo,355030,11869660,Mais de 1 milhão,10,Grande São Paulo
3550407,São Pedro,686,RA de Campinas,RM de Piracicaba,355040,34208,Mais de 20 mil até 50 mil,11,Piracicaba
3550506,São Pedro do Turvo,692,RA de Marília,Demais municípios,355050,7369,Mais de 5 mil até 10 mil,5,Marília
3550605,São Roque,685,RA de Sorocaba,RM de Sorocaba,355060,87435,Mais de 50 mil até 100 mil,6,Sorocaba
3550704,São Sebastião,684,RA de São José dos Campos,RM do Vale do Paraiba e Litoral Norte,355070,87135,Mais de 50 mil até 100 mil,17,Taubaté
3550803,São Sebastião da Grama,686,RA de Campinas,Demais municípios,355080,11936,Mais de 10 mil até 20 mil,14,São João da Boa Vista
3550902,São Simão,687,RA de Ribeirão Preto,RM de Ribeirao Preto,355090,14847,Mais de 10 mil até 20 mil,1,Ribeirão Preto
3551009,São Vicente,683,RA de Santos,RM da Baixada Santista,355100,357929,Mais de 200 mil até 500 mil,13,Baixada Santista
3551108,Sarapuí,685,RA de Sorocaba,RM de Sorocaba,355110,10110,Mais de 10 mil até 20 mil,6,Sorocaba
3551207,Sarutaiá,696,RA de Itapeva,Demais municípios,355120,3646,Até 5 mil,12,Bauru
3551306,Sebastianópolis do Sul,689,RA de São José do Rio Preto,Demais municípios,355130,3293,Até 5 mil,15,São José do Rio Preto
3551405,Serra Azul,687,RA de Ribeirão Preto,RM de Ribeirao Preto,355140,12282,Mais de 10 mil até 20 mil,1,Ribeirão Preto
3551504,Serrana,687,RA de Ribeirão Preto,RM de Ribeirao Preto,355150,44434,Mais de 20 mil até 50 mil,1,Ribeirão Preto
3551603,Serra Negra,686,RA de Campinas,Demais municípios,355160,27440,Mais de 20 mil até 50 mil,3,Campinas
3551702,Sertãozinho,687,RA de Ribeirão Preto,RM de Ribeirao Preto,355170,122355,Mais de 100 mil até 200 mil,1,Ribeirão Preto
3551801,Sete Barras,682,RA de Registro,Demais municípios,355180,12628,Mais de 10 mil até 20 mil,9,Registro
3551900,Severínia,694,RA de Barretos,RM São José do Rio Preto,355190,17126,Mais de 10 mil até 20 mil,16,Barretos
3552007,Silveiras,684,RA de São José dos Campos,RM do Vale do Paraiba e Litoral Norte,355200,6204,Mais de 5 mil até 10 mil,17,Taubaté
3552106,Socorro,686,RA de Campinas,Demais municípios,355210,38783,Mais de 20 mil até 50 mil,3,Campinas
3552205,Sorocaba,685,RA de Sorocaba,RM de Sorocaba,355220,658547,Mais de 500 mil até 1 milhão,6,Sorocaba
3552304,Sud Mennucci,690,RA de Araçatuba,Demais municípios,355230,7713,Mais de 5 mil até 10 mil,7,Araçatuba
3552403,Sumaré,686,RA de Campinas,RM de Campinas,355240,283212,Mais de 200 mil até 500 mil,3,Campinas
3552502,Suzano,681,RM  de São Paulo,RM de Sao Paulo,355250,291002,Mais de 200 mil até 500 mil,10,Grande São Paulo
3552551,Suzanápolis,690,RA de Araçatuba,Demais municípios,355255,3947,Até 5 mil,7,Araçatuba
3552601,Tabapuã,689,RA de São José do Rio Preto,Demais municípios,355260,11892,Mais de 10 mil até 20 mil,15,São José do Rio Preto
3552700,Tabatinga,693,RA Central,Demais municípios,355270,15897,Mais de 10 mil até 20 mil,8,Araraquara
3552809,Taboão da Serra,681,RM  de São Paulo,RM de Sao Paulo,355280,283871,Mais de 200 mil até 500 mil,10,Grande São Paulo
3552908,Taciba,691,RA de Presidente Prudente,Demais municípios,355290,6054,Mais de 5 mil até 10 mil,2,Presidente Prudente
3553005,Taguaí,696,RA de Itapeva,Demais municípios,355300,13319,Mais de 10 mil até 20 mil,12,Bauru
3553104,Taiaçu,694,RA de Barretos,Demais municípios,355310,6037,Mais de 5 mil até 10 mil,16,Barretos
3553203,Taiúva,694,RA de Barretos,RM de Ribeirao Preto,355320,6278,Mais de 5 mil até 10 mil,16,Barretos
3553302,Tambaú,686,RA de Campinas,RM de Ribeirao Preto,355330,22803,Mais de 20 mil até 50 mil,14,São João da Boa Vista
3553401,Tanabi,689,RA de São José do Rio Preto,RM São José do Rio Preto,355340,25105,Mais de 20 mil até 50 mil,15,São José do Rio Preto
3553500,Tapiraí,685,RA de Sorocaba,RM de Sorocaba,355350,7699,Mais de 5 mil até 10 mil,6,Sorocaba
3553609,Tapiratiba,686,RA de Campinas,Demais municípios,355360,12610,Mais de 10 mil até 20 mil,14,São João da Boa Vista
3553658,Taquaral,687,RA de Ribeirão Preto,RM de Ribeirao Preto,355365,2751,Até 5 mil,16,Barretos
3553708,Taquaritinga,693,RA Central,Demais municípios,355370,54499,Mais de 50 mil até 100 mil,8,Araraquara
3553807,Taquarituba,696,RA de Itapeva,Demais municípios,355380,23193,Mais de 20 mil até 50 mil,12,Bauru
3553856,Taquarivaí,696,RA de Itapeva,Demais municípios,355385,5746,Mais de 5 mil até 10 mil,6,Sorocaba
3553906,Tarabaí,691,RA de Presidente Prudente,Demais municípios,355390,7269,Mais de 5 mil até 10 mil,2,Presidente Prudente
3553955,Tarumã,692,RA de Marília,Demais municípios,355395,14806,Mais de 10 mil até 20 mil,5,Marília
3554003,Tatuí,685,RA de Sorocaba,RM de Sorocaba,355400,120123,Mais de 100 mil até 200 mil,6,Sorocaba
3554102,Taubaté,684,RA de São José dos Campos,RM do Vale do Paraiba e Litoral Norte,355410,307361,Mais de 200 mil até 500 mil,17,Taubaté
3554201,Tejupá,696,RA de Itapeva,Demais municípios,355420,4697,Até 5 mil,12,Bauru
3554300,Teodoro Sampaio,691,RA de Presidente Prudente,Demais municípios,355430,22414,Mais de 20 mil até 50 mil,2,Presidente Prudente
3554409,Terra Roxa,694,RA de Barretos,Demais municípios,355440,9121,Mais de 5 mil até 10 mil,16,Barretos
3554508,Tietê,685,RA de Sorocaba,RM de Sorocaba,355450,41073,Mais de 20 mil até 50 mil,6,Sorocaba
3554607,Timburi,692,RA de Marília,Demais municípios,355460,2557,Até 5 mil,5,Marília
3554656,Torre de Pedra,685,RA de Sorocaba,Demais municípios,355465,2320,Até 5 mil,12,Bauru
3554706,Torrinha,686,RA de Campinas,Demais municípios,355470,9713,Mais de 5 mil até 10 mil,12,Bauru
3554755,Trabiju,693,RA Central,Demais municípios,355475,1703,Até 5 mil,8,Araraquara
3554805,Tremembé,684,RA de São José dos Campos,RM do Vale do Paraiba e Litoral Norte,355480,45978,Mais de 20 mil até 50 mil,17,Taubaté
3554904,Três Fronteiras,689,RA de São José do Rio Preto,Demais municípios,355490,5547,Mais de 5 mil até 10 mil,15,São José do Rio Preto
3554953,Tuiuti,686,RA de Campinas,Demais municípios,355495,6557,Mais de 5 mil até 10 mil,3,Campinas
3555000,Tupã,692,RA de Marília,Demais municípios,355500,62843,Mais de 50 mil até 100 mil,5,Marília
3555109,Tupi Paulista,691,RA de Presidente Prudente,Demais municípios,355510,14878,Mais de 10 mil até 20 mil,2,Presidente Prudente
3555208,Turiúba,690,RA de Araçatuba,Demais municípios,355520,1912,Até 5 mil,7,Araçatuba
3555307,Turmalina,689,RA de São José do Rio Preto,Demais municípios,355530,1805,Até 5 mil,15,São José do Rio Preto
3555356,Ubarana,689,RA de São José do Rio Preto,RM São José do Rio Preto,355535,6066,Mais de 5 mil até 10 mil,15,São José do Rio Preto
3555406,Ubatuba,684,RA de São José dos Campos,RM do Vale do Paraiba e Litoral Norte,355540,88916,Mais de 50 mil até 100 mil,17,Taubaté
3555505,Ubirajara,688,RA de Bauru,Demais municípios,355550,4663,Até 5 mil,5,Marília
3555604,Uchôa,689,RA de São José do Rio Preto,RM São José do Rio Preto,355560,9683,Mais de 5 mil até 10 mil,15,São José do Rio Preto
3555703,União Paulista,689,RA de São José do Rio Preto,RM São José do Rio Preto,355570,1739,Até 5 mil,15,São José do Rio Preto
3555802,Urânia,689,RA de São José do Rio Preto,Demais municípios,355580,8611,Mais de 5 mil até 10 mil,15,São José do Rio Preto
3555901,Uru,688,RA de Bauru,Demais municípios,355590,1207,Até 5 mil,12,Bauru
3556008,Urupês,689,RA de São José do Rio Preto,RM São José do Rio Preto,355600,13164,Mais de 10 mil até 20 mil,15,São José do Rio Preto
3556107,Valentim Gentil,689,RA de São José do Rio Preto,Demais municípios,355610,12770,Mais de 10 mil até 20 mil,15,São José do Rio Preto
3556206,Valinhos,686,RA de Campinas,RM de Campinas,355620,124742,Mais de 100 mil até 200 mil,3,Campinas
3556305,Valparaíso,690,RA de Araçatuba,Demais municípios,355630,23988,Mais de 20 mil até 50 mil,7,Araçatuba
3556354,Vargem,686,RA de Campinas,Demais municípios,355635,10000,Mais de 5 mil até 10 mil,3,Campinas
3556404,Vargem Grande do Sul,686,RA de Campinas,Demais municípios,355640,41501,Mais de 20 mil até 50 mil,14,São João da Boa Vista
3556453,Vargem Grande Paulista,681,RM  de São Paulo,RM de Sao Paulo,355645,52762,Mais de 50 mil até 100 mil,10,Grande São Paulo
3556503,Várzea Paulista,686,RA de Campinas,RM de Jundiai,355650,120535,Mais de 100 mil até 200 mil,3,Campinas
3556602,Vera Cruz,692,RA de Marília,Demais municípios,355660,10524,Mais de 10 mil até 20 mil,5,Marília
3556701,Vinhedo,686,RA de Campinas,RM de Campinas,355670,77521,Mais de 50 mil até 100 mil,3,Campinas
3556800,Viradouro,694,RA de Barretos,Demais municípios,355680,18347,Mais de 10 mil até 20 mil,16,Barretos
3556909,Vista Alegre do Alto,694,RA de Barretos,Demais municípios,355690,8014,Mais de 5 mil até 10 mil,16,Barretos
3556958,Vitória Brasil,689,RA de São José do Rio Preto,Demais municípios,355695,1760,Até 5 mil,15,São José do Rio Preto
3557006,Votorantim,685,RA de Sorocaba,RM de Sorocaba,355700,119824,Mais de 100 mil até 200 mil,6,Sorocaba
3557105,Votuporanga,689,RA de São José do Rio Preto,Demais municípios,355710,91760,Mais de 50 mil até 100 mil,15,São José do Rio Preto
3557154,Zacarias,689,RA de São José do Rio Preto,RM São José do Rio Preto,355715,2560,Até 5 mil,15,São José do Rio Preto
3557204,Chavantes,692,RA de Marília,Demais municípios,355720,12223,Mais de 10 mil até 20 mil,5,Marília
3557303,Estiva Gerbi,686,RA de Campinas,Demais municípios,355730,11079,Mais de 10 mil até 20 mil,14,São João da Boa Vista